FFFF,0000
FFFF,0001
FFFF,0005
FFFF,0002
FFFF,0003
FFFF,0004
FFFF,0006
FFFF,0007
FFFF,0008
FFFF,0009
FFFF,0010
FFFF,0011
FFFF,0012
FFFF,0013
FFFF,0014
FFFF,0015
FFFF,0016
FFFF,0017
FFFF,0018
FFFF,0019
FFFF,0020
FFFF,0021
FFFF,0022
FFFF,0023
FFFF,0024
FFFF,0025
FFFF,0026
FFFF,0027
FFFF,0028
FFFF,0029
FFFF,0030
FFFF,0031
FFFF,0032
FFFF,0033
FFFF,0034
FFFF,0035
FFFF,0036
FFFF,0037
FFFF,0038
FFFF,0039
FFFF,0040
FFFF,0041
FFFF,0042
FFFF,0043
FFFF,0044
FFFF,0045
FFFF,0046
FFFF,0047
FFFF,0048
FFFF,0049
FFFF,0050
FFFF,0051
FFFF,0052
FFFF,0053
FFFF,0092
FFFF,0093
FFFF,0094
FFFF,0095
FFFF,0096
FFFF,0097
FFFF,0099
FFFF,0100
FFFF,0101
FFFF,0102
FFFF,0103
FFFF,0104
4000,0000
9000,0000
4003,0047
4409,0005
440A,0008
9000,0001
9001,0001
4003,0048
4007,0060
4409,0006
440A,0009
4B45,0006
9000,0002
9001,0002
4003,0049
4007,0061
4409,0007
440A,0010
4B45,0007
9000,0003
4003,0050
4409,0008
440A,0011
9000,0004
9001,0003
4003,0051
4007,0062
4409,0009
440A,0012
4B45,0008
9000,0005
9001,0004
4003,0052
4007,0063
4409,0010
440A,0013
4B45,0009
9000,0006
4003,0053
4409,0011
440A,0014
9000,0007
4003,0054
9000,0008
9001,0008
4003,0055
4007,0028
9000,0009
9001,0009
4003,0056
4007,0029
9000,0010
9001,0010
4003,0057
4007,0030
9000,0011
4003,0058
9000,0012
9001,0012
4003,0059
4007,0032
9000,0013
4003,0060
9000,0014
9001,0014
9002,0013
9003,0014
9004,0014
9009,0007
4003,0061
4004,0066
4007,0034
4320,0034
4B04,0012
4B15,0032
4B23,0032
4B29,0034
4B3F,0054
9000,0015
9001,0015
9002,0014
9003,0015
9004,0015
9009,0008
4003,0062
4004,0067
4007,0035
4320,0035
4B04,0013
4B15,0033
4B23,0033
4B29,0035
4B3F,0055
9000,0016
9001,0016
9002,0015
9003,0016
9004,0016
9005,0033
9009,0009
8002,0002
420D,0006
9000,0017
9001,0017
9002,0016
9003,0017
9004,0017
9005,0010
9008,0007
9009,0010
8002,0003
420D,0007
9000,0018
9001,0018
9002,0017
9003,0018
9004,0018
9005,0009
9008,0006
9009,0011
9000,0019
9001,0019
9002,0018
9003,0019
9004,0019
9009,0012
9000,0020
9001,0020
9002,0019
9003,0020
9004,0020
9009,0013
8002,0105
9000,0021
9001,0021
9002,0020
9003,0021
9004,0021
9009,0014
9000,0022
9001,0022
9002,0021
9003,0022
9004,0022
9009,0015
8002,0087
4B10,0013
9000,0023
4003,0033
9000,0024
9001,0024
4003,0034
9000,0025
9001,0025
4003,0035
9000,0026
9001,0026
4003,0036
9000,0027
4003,0037
9000,0028
9001,0027
4003,0038
9000,0029
4003,0039
9000,0030
4003,0024
9000,0031
9001,0031
4003,0025
4007,0044
9000,0032
9001,0032
4003,0026
4007,0045
9000,0033
9001,0033
4003,0027
4007,0046
9000,0034
4003,0028
9000,0035
9001,0034
4003,0029
4007,0047
9000,0036
4003,0030
9000,0037
9001,0037
9002,0044
9003,0037
9004,0037
9009,0030
8001,0021
4003,0031
4004,0043
4007,0050
4320,0064
4B15,0054
4B23,0054
4B29,0064
4B3F,0038
9000,0038
9001,0038
9002,0045
9003,0038
9004,0038
9009,0031
8001,0022
4003,0032
4004,0044
4007,0051
4320,0065
4B15,0055
4B23,0055
4B29,0065
4B3F,0039
9000,0039
4003,0040
9000,0040
9001,0040
4003,0041
4007,0053
9000,0041
9001,0041
4003,0042
4007,0054
9000,0042
4003,0043
9000,0043
9001,0042
4003,0044
4007,0055
9000,0044
9001,0043
4003,0045
4007,0056
9000,0045
4003,0046
9000,0046
9000,0047
9001,0047
9000,0048
9001,0048
9000,0049
9001,0049
9000,0050
9000,0051
9001,0050
9000,0052
9001,0000
4007,0059
4B45,0005
9001,0005
4007,0064
4B45,0010
9001,0006
4007,0065
4B45,0011
9001,0007
4007,0027
9001,0011
4007,0031
9001,0013
4007,0033
9001,0023
9001,0028
9001,0029
9001,0030
4007,0043
9001,0035
4007,0048
9001,0036
4007,0049
9001,0039
4007,0052
9001,0044
4007,0057
9001,0045
4007,0058
9001,0046
9001,0051
9001,0052
9002,0000
9004,0000
4004,0052
4201,0008
4202,0005
4203,0007
4204,0005
4205,0005
4206,0005
420B,0006
420D,0008
4212,0005
4213,0005
4214,0006
4215,0005
421D,0005
4220,0007
4221,0006
4222,0006
4300,0005
4301,0006
4302,0005
4304,0009
4321,0005
4401,0005
4402,0005
4403,0005
4500,0005
450F,0005
4512,0010
4600,0007
4606,0005
460A,0005
4704,0013
4710,0005
4800,0005
4804,0025
4805,0009
4900,0005
4903,0005
4906,0005
4A00,0005
4A09,0005
4B01,0005
4B04,0028
4B06,0005
4B07,0006
4B0D,0009
4B10,0005
4B11,0005
4B14,0005
4B15,0034
4B19,0007
4B1B,0005
4B1E,0005
4B23,0034
4B24,0005
4B38,0005
4B3D,0005
4B3E,0005
4B3F,0014
4B40,0005
4B44,0005
9002,0001
9004,0001
8001,0001
8002,0081
4004,0053
4201,0009
4202,0006
4203,0008
4204,0006
4205,0006
4206,0006
420B,0007
420D,0009
4212,0006
4213,0006
4214,0007
4215,0006
421D,0006
4220,0008
4221,0007
4222,0007
4300,0006
4301,0007
4302,0006
4304,0010
4321,0006
4401,0006
4402,0006
4403,0006
4500,0006
450F,0006
4512,0011
4600,0008
4606,0006
460A,0006
4704,0014
4710,0006
4800,0006
4804,0026
4805,0010
4900,0006
4903,0006
4906,0006
4A00,0006
4A09,0006
4B04,0022
4B06,0006
4B07,0007
4B0D,0010
4B10,0006
4B11,0006
4B15,0035
4B19,0008
4B1B,0006
4B23,0035
4B24,0006
4B38,0006
4B3D,0006
4B3E,0006
4B3F,0015
4B40,0006
4B44,0006
9002,0002
9004,0002
8001,0002
8002,0082
4004,0054
4201,0010
4202,0007
4203,0009
4204,0007
4205,0007
4206,0007
420B,0008
420D,0010
4212,0007
4213,0007
4214,0008
4215,0007
421D,0007
4220,0009
4221,0008
4222,0008
4300,0007
4301,0008
4302,0007
4304,0011
4321,0007
4401,0007
4402,0007
4403,0007
4500,0007
450F,0007
4512,0012
4600,0009
4606,0007
460A,0007
4704,0015
4710,0007
4800,0007
4804,0027
4805,0011
4900,0007
4903,0007
4906,0007
4A00,0007
4A09,0007
4B04,0023
4B06,0007
4B07,0008
4B0D,0011
4B10,0007
4B11,0007
4B15,0036
4B19,0009
4B1B,0007
4B23,0036
4B24,0007
4B38,0007
4B3D,0007
4B3E,0007
4B3F,0016
4B40,0007
4B44,0007
9002,0003
9004,0003
8001,0003
8002,0083
4004,0055
4201,0011
4202,0008
4203,0010
4204,0008
4205,0008
4206,0008
420B,0009
420D,0011
4212,0008
4213,0008
4214,0009
4215,0008
421D,0008
4220,0010
4221,0009
4222,0009
4300,0008
4301,0009
4302,0008
4304,0012
4321,0008
4401,0008
4402,0008
4403,0008
4500,0008
450F,0008
4512,0013
4600,0010
4606,0008
460A,0008
4704,0016
4710,0008
4800,0008
4804,0028
4805,0012
4900,0008
4903,0008
4906,0008
4A00,0008
4A09,0008
4B04,0024
4B06,0008
4B07,0009
4B0D,0012
4B10,0008
4B11,0008
4B15,0037
4B19,0010
4B1B,0008
4B23,0037
4B24,0008
4B38,0008
4B3D,0008
4B3E,0008
4B3F,0017
4B40,0008
4B44,0008
9002,0004
9004,0004
8001,0004
8002,0084
4004,0056
4201,0012
4202,0009
4203,0011
4204,0009
4205,0009
4206,0009
420B,0010
420D,0012
4212,0009
4213,0009
4214,0010
4215,0009
421D,0009
4220,0011
4221,0010
4222,0010
4300,0009
4301,0010
4302,0009
4304,0013
4321,0009
4401,0009
4402,0009
4403,0009
4500,0009
450F,0009
4512,0014
4600,0011
4606,0009
460A,0009
4704,0017
4710,0009
4800,0009
4804,0029
4805,0013
4900,0009
4903,0009
4906,0009
4A00,0009
4A09,0009
4B04,0025
4B06,0009
4B07,0010
4B0D,0013
4B10,0009
4B11,0009
4B15,0038
4B19,0011
4B1B,0009
4B23,0038
4B24,0009
4B38,0009
4B3D,0009
4B3E,0009
4B3F,0018
4B40,0009
4B44,0009
9002,0005
9004,0005
8001,0005
8002,0085
4004,0057
4201,0013
4202,0010
4203,0012
4204,0010
4205,0010
4206,0010
420B,0011
420D,0013
4212,0010
4213,0010
4214,0011
4215,0010
421D,0010
4220,0012
4221,0011
4222,0011
4300,0010
4301,0011
4302,0010
4304,0014
4321,0010
4401,0010
4402,0010
4403,0010
4500,0010
450F,0010
4512,0015
4600,0012
4606,0010
460A,0010
4704,0018
4710,0010
4800,0010
4804,0030
4805,0014
4900,0010
4903,0010
4906,0010
4A00,0010
4A09,0010
4B04,0026
4B06,0010
4B07,0011
4B0D,0014
4B10,0010
4B11,0010
4B15,0039
4B19,0012
4B1B,0010
4B23,0039
4B24,0010
4B38,0010
4B3D,0010
4B3E,0010
4B3F,0019
4B40,0010
4B44,0010
9002,0006
9004,0006
8001,0006
4004,0058
4201,0014
4202,0011
4203,0013
4204,0011
4205,0011
4206,0011
420B,0012
420D,0014
4212,0011
4213,0011
4214,0012
4215,0011
421D,0011
4220,0013
4221,0012
4222,0012
4300,0011
4301,0012
4302,0011
4304,0015
4321,0011
4401,0011
4402,0011
4403,0011
4500,0011
450F,0011
4512,0016
4600,0013
4606,0011
460A,0011
4704,0019
4710,0011
4800,0011
4804,0031
4805,0015
4900,0011
4903,0011
4906,0011
4A00,0011
4A09,0011
4B01,0006
4B04,0027
4B06,0011
4B07,0012
4B0D,0015
4B10,0011
4B11,0011
4B14,0006
4B15,0040
4B19,0013
4B1B,0011
4B1E,0006
4B23,0040
4B24,0011
4B38,0011
4B3D,0011
4B3E,0011
4B3F,0020
4B40,0011
4B44,0011
9002,0007
4004,0060
4B04,0006
4B15,0026
4B23,0026
4B3F,0048
9002,0008
4004,0061
4B04,0007
4B15,0027
4B23,0027
4B3F,0049
9002,0009
4004,0062
4B04,0008
4B15,0028
4B23,0028
4B3F,0050
9002,0010
4004,0063
4B04,0009
4B15,0029
4B23,0029
4B3F,0051
9002,0011
4004,0064
4B04,0010
4B15,0030
4B23,0030
4B3F,0052
9002,0012
4004,0065
4B04,0011
4B15,0031
4B23,0031
4B3F,0053
9002,0022
4004,0029
4B3F,0024
9002,0023
8001,0008
4004,0030
4B3F,0025
9002,0024
8001,0009
4004,0031
4B3F,0026
9002,0025
8001,0010
4004,0032
4B3F,0027
9002,0026
8001,0011
4004,0033
4B3F,0028
9002,0027
8001,0012
4004,0034
4B3F,0029
9002,0028
8001,0013
4004,0035
4B3F,0030
9002,0029
9009,0032
4007,0036
9002,0030
9009,0033
4007,0037
9002,0031
9009,0034
4007,0038
9002,0032
9009,0035
4007,0039
9002,0033
9009,0036
4007,0040
9002,0034
9009,0037
4007,0041
9002,0035
9009,0038
4007,0042
9002,0036
9009,0039
8002,0006
9002,0037
4004,0036
4B04,0048
4B2C,0005
4B3F,0031
9002,0038
8001,0015
4004,0037
4B04,0049
4B3E,0015
4B3F,0032
9002,0039
8001,0016
4004,0038
4B04,0050
4B3E,0016
4B3F,0033
9002,0040
8001,0017
4004,0039
4B04,0051
4B3E,0017
4B3F,0034
9002,0041
8001,0018
4004,0040
4B04,0052
4B3E,0018
4B3F,0035
9002,0042
8001,0019
4004,0041
4B04,0053
4B3E,0019
4B3F,0036
9002,0043
8001,0020
4004,0042
4B04,0054
4B15,0053
4B23,0053
4B2C,0006
4B3E,0020
4B3F,0037
9002,0046
4B15,0047
4B23,0047
9002,0047
4B15,0048
4B23,0048
9002,0048
4B15,0049
4B23,0049
9002,0049
4B15,0050
4B23,0050
9002,0050
4B15,0051
4B23,0051
9002,0051
4B15,0052
4B23,0052
9002,0052
9004,0039
4004,0045
4B3F,0040
9002,0053
9004,0040
8001,0024
4004,0046
4B3F,0041
9002,0054
9004,0041
8001,0025
4004,0047
4B3F,0042
9002,0055
9004,0042
8001,0026
4004,0048
4B3F,0043
9002,0056
9004,0043
8001,0027
4004,0049
4B3F,0044
9002,0057
9004,0044
8001,0028
4004,0050
4B3F,0045
9002,0058
9004,0045
8001,0029
4004,0051
4805,0032
4B3F,0046
9002,0059
9003,0046
9004,0046
4005,0034
9002,0060
9003,0047
9004,0047
4005,0035
9002,0061
9003,0048
9004,0048
4005,0036
9002,0062
9003,0049
9004,0049
4005,0037
9002,0063
9003,0050
9004,0050
4005,0038
9002,0064
9003,0051
9004,0051
4005,0039
9002,0065
9003,0052
9004,0052
4005,0040
9002,0066
9003,0053
9004,0053
9002,0067
9003,0054
9004,0054
9003,0000
4315,0005
4316,0005
4317,0005
4319,0005
431B,0005
431E,0005
431F,0005
4320,0036
4B27,0005
4B29,0036
9003,0001
4315,0006
4316,0006
4317,0006
4319,0006
431B,0006
431E,0006
431F,0006
4320,0037
4B27,0006
4B29,0037
9003,0002
4315,0007
4316,0007
4317,0007
4319,0007
431B,0007
431E,0007
431F,0007
4320,0038
4B27,0007
4B29,0038
9003,0003
4315,0008
4316,0008
4317,0008
4319,0008
431B,0008
431E,0008
431F,0008
4320,0039
4B27,0008
4B29,0039
9003,0004
4315,0009
4316,0009
4317,0009
4319,0009
431B,0009
431E,0009
431F,0009
4320,0040
4B27,0009
4B29,0040
9003,0005
4315,0010
4316,0010
4317,0010
4319,0010
431B,0010
431E,0010
431F,0010
4320,0041
4B27,0010
4B29,0041
9003,0006
4315,0011
4316,0011
4317,0011
4319,0011
431B,0011
431E,0011
431F,0011
4320,0042
4B27,0011
4B29,0042
9003,0007
4320,0027
4B29,0027
9003,0008
8002,0138
4320,0028
4B29,0028
9003,0009
8002,0139
4320,0029
4B29,0029
9003,0010
4320,0030
4B29,0030
9003,0011
4320,0031
4B29,0031
9003,0012
4320,0032
4B29,0032
9003,0013
4320,0033
4B29,0033
9003,0023
4320,0050
4B29,0050
9003,0024
4320,0051
4B29,0051
9003,0025
8002,0114
4320,0052
4B29,0052
9003,0026
4320,0053
4B29,0053
9003,0027
4320,0054
4B29,0054
9003,0028
4320,0055
4B29,0055
9003,0029
4320,0056
4B29,0056
9003,0030
4320,0057
4B29,0057
9003,0031
4320,0058
4B29,0058
9003,0032
8002,0116
4320,0059
4B29,0059
9003,0033
4320,0060
4B29,0060
9003,0034
4320,0061
4B29,0061
9003,0035
4320,0062
4B29,0062
9003,0036
4320,0063
4B29,0063
9003,0039
4320,0043
4B29,0043
9003,0040
4320,0044
4B29,0044
9003,0041
4320,0045
4B29,0045
9003,0042
4320,0046
4B29,0046
9003,0043
4320,0047
4B29,0047
9003,0044
4320,0048
4B29,0048
9003,0045
4320,0049
4B29,0049
9004,0007
9009,0000
9004,0008
9009,0001
9004,0009
9009,0002
9004,0010
9009,0003
9004,0011
9009,0004
9004,0012
9009,0005
9004,0013
9009,0006
9004,0023
9009,0016
9004,0024
9009,0017
9004,0025
9009,0018
9004,0026
9009,0019
9004,0027
9009,0020
9004,0028
9009,0021
9004,0029
9009,0022
9004,0030
9009,0023
9004,0031
9009,0024
9004,0032
9009,0025
9004,0033
9009,0026
9004,0034
9009,0027
9004,0035
9009,0028
9004,0036
9009,0029
9005,0000
4005,0025
9005,0001
4005,0026
9005,0002
4005,0027
9005,0003
4005,0028
9005,0004
4005,0029
9005,0005
4005,0030
9005,0006
4005,0031
9005,0007
4005,0032
9005,0008
4005,0033
9005,0011
8002,0009
4302,0012
9005,0012
8002,0010
9005,0013
4006,0050
9005,0014
4006,0051
9005,0015
4006,0052
9005,0016
4006,0053
9005,0017
4006,0054
9005,0018
4006,0055
9005,0019
4006,0056
9005,0020
9005,0021
9005,0022
9005,0023
8002,0135
9005,0024
8002,0011
4304,0005
4402,0012
4403,0012
9005,0025
8002,0012
4402,0013
4403,0013
9005,0026
4006,0057
9005,0027
4006,0058
9005,0028
4006,0059
9005,0029
4006,0060
9005,0030
4006,0061
9005,0031
4006,0062
9005,0032
4006,0063
9005,0034
4006,0080
4B04,0014
4B45,0015
9005,0035
8001,0031
4006,0081
4B04,0015
4B45,0016
9005,0036
8001,0032
4006,0082
4B04,0016
4B45,0017
9005,0037
8001,0033
4006,0083
4B04,0017
4B45,0018
9005,0038
8001,0034
4006,0084
4B04,0018
4B45,0019
9005,0039
8001,0035
4006,0085
4B04,0019
4B45,0020
9005,0040
8001,0036
4006,0086
4B04,0020
4B45,0021
9005,0041
4212,0012
9005,0042
8001,0038
4212,0013
9005,0043
8001,0039
4212,0014
9005,0044
8001,0040
4212,0015
9005,0045
8001,0041
4212,0016
9005,0046
8001,0042
4212,0017
9005,0047
8001,0043
4212,0018
9005,0048
8001,0044
9005,0049
8001,0045
8002,0110
9005,0050
8001,0046
8002,0111
9007,0000
9007,0001
9007,0002
9007,0003
9007,0004
9007,0005
9007,0006
431F,0012
4710,0032
4B27,0044
9007,0007
431F,0013
4710,0033
4B27,0045
9007,0008
431F,0014
4710,0034
4B27,0046
9007,0009
431F,0015
4710,0035
4B27,0047
9007,0010
431F,0016
4710,0036
4B27,0048
9007,0011
4204,0014
4221,0015
9007,0012
4204,0015
4221,0016
9007,0013
4204,0016
4221,0017
9007,0014
4204,0017
4221,0018
9007,0015
4204,0018
4221,0019
9007,0016
4204,0019
4221,0020
9007,0017
4204,0020
4221,0021
4315,0018
4316,0012
431F,0029
4710,0012
4903,0017
4B27,0034
9007,0018
4204,0021
4221,0022
4315,0019
4316,0013
431F,0030
4710,0013
4903,0018
4B27,0035
9007,0019
4204,0022
4221,0023
4315,0020
4316,0014
431F,0031
4710,0014
4903,0019
4B27,0036
9007,0020
4204,0023
4221,0024
4315,0021
4316,0015
431F,0032
4710,0015
4903,0020
4B27,0037
9007,0021
4204,0024
4221,0025
4315,0022
4316,0016
431F,0033
4710,0016
4903,0021
4B27,0038
9007,0022
4201,0015
4206,0012
4315,0029
4317,0019
431F,0034
4710,0025
4B04,0041
4B27,0027
9007,0023
4201,0016
4206,0013
4315,0030
4317,0020
431F,0035
4710,0026
4B04,0042
4B27,0028
9007,0024
4201,0017
4206,0014
4315,0031
4317,0021
431F,0036
4710,0027
4B04,0043
4B27,0029
9007,0025
4201,0018
4206,0015
4315,0032
4317,0022
431F,0037
4710,0028
4B04,0044
4B27,0030
9007,0026
4201,0019
4206,0016
4315,0033
4317,0023
431F,0038
4710,0029
4B04,0045
4B27,0031
9007,0027
4201,0020
4206,0017
4315,0034
4317,0024
431F,0039
4710,0030
4B04,0046
4B27,0032
9007,0028
7005,0051
4201,0021
4317,0025
431F,0040
4710,0031
4B04,0047
4B27,0033
9008,0000
9008,0001
9008,0002
9008,0003
9008,0004
9008,0005
9008,0008
4006,0064
4206,0018
4317,0012
431F,0019
4B04,0036
4B27,0017
9008,0009
4006,0065
4206,0019
4317,0013
431F,0020
4B04,0037
4B27,0018
9008,0010
4006,0066
4206,0020
4317,0014
431F,0021
4B04,0038
4B27,0019
9008,0011
4006,0067
4206,0021
4317,0015
431F,0022
4B04,0039
4B27,0020
9008,0012
4006,0068
4206,0022
4317,0016
431F,0023
4B04,0040
4B27,0021
9008,0013
4006,0069
4201,0022
4206,0023
420D,0015
4317,0050
431F,0024
4903,0012
4B04,0031
4B27,0022
9008,0014
4006,0070
4201,0023
4206,0024
420D,0016
4317,0051
431F,0025
4903,0013
4B04,0032
4B27,0023
9008,0015
4006,0071
4201,0024
4206,0025
420D,0017
4317,0052
431F,0026
4903,0014
4B04,0033
4B27,0024
9008,0016
4006,0072
4201,0025
4206,0026
420D,0018
4317,0053
431F,0027
4903,0015
4B04,0034
4B27,0025
9008,0017
4006,0073
4201,0026
4206,0027
420D,0019
4317,0054
431F,0028
4903,0016
4B04,0035
4B27,0026
9008,0018
9008,0019
9008,0020
9008,0021
9008,0022
9008,0023
8001,0000
4B04,0021
4B19,0017
8001,0007
8001,0014
4B3E,0014
8001,0023
4805,0031
8001,0030
8001,0037
8000,0000
4315,0016
4316,0022
4319,0019
431F,0050
4B27,0042
8000,0001
4315,0017
4316,0023
4319,0020
431F,0051
4B27,0043
8000,0002
4206,0030
4316,0026
4317,0017
431F,0048
8000,0003
4206,0031
4316,0027
4317,0018
431F,0049
8000,0004
4006,0074
4B27,0041
8000,0005
4006,0075
4316,0019
4319,0017
431F,0045
8000,0006
4006,0076
4201,0027
4316,0024
4317,0026
431F,0046
4B27,0039
8000,0007
4006,0077
4201,0028
4316,0025
4317,0027
431F,0047
4B27,0040
8000,0008
4006,0078
4316,0017
4319,0015
431F,0043
4B04,0029
8000,0009
4006,0079
4316,0018
4319,0016
431F,0044
4B04,0030
8000,0010
4201,0029
4316,0020
4319,0013
8000,0011
4201,0030
4316,0021
4319,0014
8000,0012
431F,0017
4B19,0015
4B27,0049
8000,0013
431F,0018
4B19,0016
4B27,0050
8000,0014
4006,0095
4206,0028
4304,0006
4315,0012
8000,0015
4006,0096
4206,0029
4304,0007
4315,0013
8000,0016
4006,0087
4710,0022
8000,0017
4006,0088
4710,0023
8000,0018
8000,0019
8000,0020
8000,0021
8000,0022
431F,0041
8000,0023
431F,0042
8000,0024
8000,0025
8000,0026
4316,0036
8000,0027
4316,0037
8000,0028
4316,0053
4319,0025
8000,0029
4316,0054
4319,0026
8000,0030
4316,0051
8000,0031
4316,0052
8000,0032
4316,0048
431B,0016
8000,0033
7005,0057
7006,0050
7007,0043
4006,0094
4710,0021
8000,0034
4315,0023
4316,0038
4317,0028
8000,0035
4315,0024
4316,0039
4317,0029
8000,0036
4316,0055
4319,0018
431B,0017
8000,0037
7005,0053
7006,0046
7007,0039
4006,0090
4710,0018
8000,0038
4316,0046
4317,0030
8000,0039
4316,0047
4317,0031
8000,0040
8000,0041
7005,0054
7006,0047
7007,0040
4006,0091
8000,0042
4317,0032
8000,0043
4317,0033
8000,0044
4315,0027
8000,0045
4315,0028
8000,0046
4317,0034
8000,0047
7005,0056
7006,0049
7007,0042
4006,0093
4317,0035
4710,0020
8000,0048
4316,0044
4317,0036
4319,0023
8000,0049
4316,0045
4317,0037
4319,0024
8000,0050
4315,0025
4316,0042
4317,0038
4319,0021
431B,0014
8000,0051
4315,0026
4316,0043
4317,0039
4319,0022
431B,0015
8000,0052
4317,0040
8000,0053
4317,0041
8000,0054
4316,0049
8000,0055
4316,0050
8000,0056
4317,0042
8000,0057
7005,0055
7006,0048
7007,0041
4006,0092
4317,0043
4710,0019
8000,0058
4315,0014
4316,0040
431B,0012
8000,0059
4315,0015
4316,0041
431B,0013
8000,0060
4710,0037
8000,0061
4710,0038
8000,0062
8000,0063
8000,0064
8000,0065
8000,0066
8000,0067
8000,0068
8000,0069
8000,0070
8000,0071
8000,0072
8000,0073
8000,0074
8000,0075
8000,0076
8000,0077
8002,0000
4208,0008
8002,0001
701A,0026
701B,0027
701C,0026
701D,0028
701E,0028
701F,0026
7020,0026
8002,0004
8002,0005
8002,0007
4512,0008
8002,0008
4512,0009
8002,0013
8002,0014
7015,0032
8002,0015
7015,0030
7016,0031
7017,0029
8002,0016
7015,0028
8002,0017
7015,0005
7016,0005
8002,0018
8002,0019
8002,0020
8002,0021
8002,0022
8002,0023
8002,0024
8002,0025
8002,0026
8002,0027
8002,0028
8002,0029
8002,0030
8002,0031
8002,0032
8002,0033
8002,0034
8002,0035
8002,0036
8002,0037
8002,0038
8002,0039
8002,0040
8002,0041
8002,0042
8002,0043
8002,0044
8002,0045
8002,0046
8002,0047
8002,0048
8002,0049
8002,0050
8002,0051
8002,0052
8002,0053
8002,0054
8002,0055
8002,0056
8002,0057
4704,0007
8002,0058
4704,0006
8002,0059
4704,0008
8002,0060
4704,0009
8002,0061
4704,0010
8002,0062
4704,0011
8002,0063
4704,0012
8002,0064
4704,0020
8002,0065
4704,0021
8002,0066
4704,0022
8002,0067
4704,0023
8002,0068
7013,0030
8002,0069
7013,0031
8002,0070
8002,0071
8002,0072
8002,0073
8002,0074
4200,0007
421F,0006
8002,0075
4002,0039
400D,0016
4200,0008
421F,0007
8002,0076
8002,0077
8002,0078
8002,0079
4B10,0016
8002,0080
8002,0086
8002,0088
4512,0017
8002,0089
4304,0008
8002,0090
7007,0030
8002,0091
7006,0006
7007,0006
8002,0092
7007,0031
8002,0093
8002,0094
8002,0095
8002,0096
8002,0097
8002,0098
8002,0099
8002,0100
8002,0101
4B45,0022
8002,0102
8002,0103
8002,0104
8002,0106
8002,0107
8002,0108
8002,0109
8002,0112
8002,0113
8002,0115
8002,0117
8002,0118
8002,0119
4320,0025
4B15,0023
4B23,0023
4B27,0016
4B29,0025
4B3F,0012
8002,0120
431F,0054
4320,0026
4B15,0024
4B23,0024
4B27,0014
4B29,0026
4B3F,0013
8002,0121
8002,0122
4B3D,0025
4B3E,0013
8002,0123
8002,0124
8002,0125
8002,0126
8002,0127
8002,0128
8002,0129
8002,0130
8002,0131
8002,0132
8002,0133
8002,0134
8002,0136
8002,0137
8002,0140
8002,0141
4B44,0016
8002,0142
8002,0143
4B45,0023
8002,0144
7029,0005
702A,0005
4007,0006
8002,0145
7029,0009
702A,0009
4007,0010
8002,0146
7029,0014
702A,0014
4007,0015
8002,0147
7029,0017
702A,0017
4007,0018
8002,0148
7029,0021
702A,0021
4007,0022
8002,0149
8002,0150
8002,0151
8002,0152
8002,0153
4317,0047
8002,0154
4317,0048
8002,0155
4317,0049
8002,0156
8002,0157
4B3D,0016
8002,0158
8002,0159
7001,0000
7002,0000
7003,0000
7004,0000
7005,0000
7006,0000
7007,0000
7008,0000
7009,0000
700A,0000
700B,0000
700C,0000
700D,0000
700E,0000
700F,0000
7010,0000
7011,0000
7012,0000
7013,0000
7014,0000
7015,0000
7016,0000
7017,0000
7018,0000
7019,0000
701A,0000
701B,0000
701C,0000
701D,0000
701E,0000
701F,0000
7020,0000
7021,0000
7022,0000
7023,0000
7024,0000
7025,0000
7026,0000
7027,0000
7028,0000
7029,0000
702A,0000
4003,0000
4004,0000
4005,0000
4006,0000
4007,0000
7001,0001
7002,0001
7003,0001
7004,0001
7005,0001
7006,0001
7007,0001
7008,0001
7009,0001
700A,0001
700B,0001
700C,0001
700D,0001
700E,0001
700F,0001
7010,0001
7011,0001
7012,0001
7013,0001
7014,0001
7015,0001
7016,0001
7017,0001
7018,0001
7019,0001
701A,0001
701B,0001
701C,0001
701D,0001
701E,0001
701F,0001
7020,0001
7021,0001
7022,0001
7023,0001
7024,0001
7025,0001
7026,0001
7027,0001
7028,0001
7029,0001
702A,0001
4003,0001
4004,0001
4005,0001
4006,0001
4007,0001
7001,0002
7002,0002
7003,0002
7004,0002
7005,0002
7006,0002
7007,0002
7008,0002
7009,0002
700A,0002
700B,0002
700C,0002
700D,0002
700E,0002
700F,0002
7010,0002
7011,0002
7012,0002
7013,0002
7014,0002
7015,0002
7016,0002
7017,0002
7018,0002
7019,0002
701A,0002
701B,0002
701C,0002
701D,0002
701E,0002
701F,0002
7020,0002
7021,0002
7022,0002
7023,0002
7024,0002
7025,0002
7026,0002
7027,0002
7028,0002
7029,0002
702A,0002
4003,0002
4004,0002
4005,0002
4006,0002
4007,0002
7001,0003
7002,0003
7003,0003
7004,0003
7005,0003
7006,0003
7007,0003
7008,0003
7009,0003
700A,0003
700B,0003
700C,0003
700D,0003
700E,0003
700F,0003
7010,0003
7011,0003
7012,0003
7013,0003
7014,0003
7015,0003
7016,0003
7017,0003
7018,0003
7019,0003
701A,0003
701B,0003
701C,0003
701D,0003
701E,0003
701F,0003
7020,0003
7021,0003
7022,0003
7023,0003
7024,0003
7025,0003
7026,0003
7027,0003
7028,0003
7029,0003
702A,0003
4003,0003
4004,0003
4005,0003
4006,0003
4007,0003
7001,0004
7001,0005
7001,0006
7001,0007
7001,0008
7001,0009
7001,0010
7001,0011
7001,0012
7001,0013
700F,0026
7013,0018
7014,0046
7018,0044
7019,0039
701A,0027
701B,0028
701E,0029
701F,0032
7020,0027
7028,0025
7001,0014
7001,0015
7001,0016
7001,0017
7001,0018
7001,0019
7001,0020
7001,0021
7001,0022
7001,0023
7001,0024
7001,0025
7001,0026
7001,0027
7001,0028
7001,0029
7001,0030
7001,0031
7001,0032
7001,0033
7001,0034
7001,0035
7001,0036
7001,0037
7001,0038
7001,0039
7001,0040
7001,0041
7001,0042
7001,0043
7001,0044
7001,0045
7001,0046
7001,0047
7001,0048
7001,0049
7001,0050
7001,0051
7001,0052
7001,0053
7001,0054
7001,0055
7001,0056
7001,0057
7001,0058
7001,0059
7001,0060
7001,0061
7001,0062
7001,0063
7001,0064
7001,0065
7001,0066
7001,0067
7001,0068
7001,0069
7001,0070
7001,0071
7001,0072
7001,0073
7001,0074
7001,0075
7001,0076
7001,0077
7001,0078
7002,0004
7002,0005
7003,0005
7004,0005
7005,0005
7002,0006
7003,0006
7004,0006
7002,0007
7003,0007
7004,0007
7005,0006
7006,0005
7007,0005
7002,0008
7003,0008
7004,0008
7005,0007
7002,0009
7005,0008
7002,0010
7003,0009
7004,0009
7005,0009
7002,0011
7003,0010
7004,0010
7005,0010
7002,0012
7005,0011
7002,0013
7002,0014
7005,0013
7002,0015
7005,0016
7010,0017
7011,0016
7012,0016
7015,0018
7016,0014
4005,0017
7002,0016
7005,0017
7010,0018
7026,0025
4002,0033
4004,0007
7002,0017
7005,0018
7008,0039
700B,0019
7010,0019
7015,0023
7026,0026
4002,0034
4004,0008
7002,0018
7002,0019
7002,0020
7002,0021
7002,0022
7005,0029
7006,0029
7007,0021
7002,0023
7005,0030
7002,0024
7005,0031
7006,0030
7007,0022
7002,0025
7005,0032
7002,0026
7005,0033
7002,0027
7002,0028
7002,0029
7002,0030
7005,0034
7002,0031
7005,0035
7002,0032
7005,0036
7002,0033
7005,0037
7002,0034
7005,0038
7002,0035
7005,0039
7002,0036
7005,0040
7002,0037
7005,0041
7003,0004
7003,0011
7003,0012
7003,0013
7003,0014
7004,0004
7004,0011
7006,0007
7007,0007
7004,0012
7004,0013
7006,0009
7007,0009
7004,0014
7006,0010
7007,0010
7005,0004
7005,0012
7005,0014
7005,0015
7006,0044
7005,0019
7008,0038
700B,0018
7015,0022
7005,0020
7005,0021
7005,0022
7005,0023
7005,0024
7005,0025
7005,0026
7005,0027
7005,0028
7005,0042
7006,0038
7007,0032
700A,0050
7005,0043
7006,0039
7007,0033
700A,0051
7005,0044
7006,0040
7007,0034
7005,0045
7006,0012
7007,0012
7005,0046
7005,0047
7005,0048
7005,0049
7006,0042
7007,0037
7005,0050
7005,0052
7006,0045
7007,0038
4006,0089
4710,0017
7006,0004
7006,0008
7006,0011
7006,0013
7007,0014
7006,0014
7007,0015
700A,0039
700D,0018
7012,0019
7017,0021
7024,0006
7027,0023
4003,0019
7006,0015
7007,0016
700A,0040
700D,0019
7012,0020
7017,0022
7024,0007
7027,0024
4003,0020
7006,0016
7007,0017
700A,0041
700D,0020
7012,0021
7017,0023
7024,0008
7027,0025
4003,0021
7006,0017
7006,0018
7006,0019
7006,0020
7006,0021
7006,0022
7006,0023
7006,0024
7006,0025
7006,0026
7006,0027
7006,0028
7006,0031
7007,0023
7006,0032
7007,0024
7006,0033
7007,0025
7006,0034
7007,0026
7006,0035
7007,0027
7006,0036
7007,0028
7006,0037
7007,0029
7006,0041
7006,0043
7007,0004
7007,0008
7007,0011
7007,0013
7007,0018
7007,0019
7007,0020
7007,0035
7007,0036
7007,0044
7007,0045
7007,0046
7007,0047
7007,0048
7007,0049
7007,0050
7007,0051
7007,0052
7007,0053
7007,0054
7007,0055
7008,0004
7008,0005
7009,0005
700A,0005
7008,0006
7009,0006
700A,0006
7008,0007
7009,0007
700A,0007
7008,0008
7009,0008
700A,0008
7008,0009
7009,0009
700A,0009
7008,0010
7009,0010
700A,0010
7008,0011
7009,0011
700A,0011
7008,0012
7009,0012
700A,0012
7008,0013
7009,0013
700A,0013
7008,0014
7009,0014
700A,0014
7008,0015
7009,0015
700A,0015
7008,0016
7009,0016
700A,0016
7008,0017
7009,0017
700A,0017
7008,0018
7009,0018
700A,0018
7008,0019
7009,0019
700A,0019
7008,0020
7009,0020
700A,0020
7008,0021
7009,0021
700A,0021
7008,0022
7009,0022
700A,0022
7008,0023
7009,0023
700A,0023
7008,0024
7009,0024
700A,0024
7008,0025
7009,0025
700A,0025
7008,0026
7009,0026
700A,0026
7008,0027
7009,0027
700A,0027
7008,0028
7009,0028
700A,0028
7008,0029
7009,0029
700A,0033
7008,0030
7009,0030
700A,0030
7008,0031
7008,0032
7008,0033
7008,0034
7009,0034
700A,0035
7008,0035
7009,0035
700A,0036
7008,0036
7009,0036
700A,0037
7008,0037
7009,0037
700A,0038
7008,0040
7008,0041
7008,0042
7008,0043
7008,0044
7008,0045
7008,0046
7008,0047
7008,0048
7008,0049
7008,0050
7008,0051
7008,0052
7008,0053
7008,0054
7008,0055
7008,0056
7008,0057
7008,0058
7008,0059
7008,0060
7008,0061
7008,0062
7009,0004
7009,0031
7009,0032
7009,0033
700A,0034
7009,0038
7011,0021
7029,0022
4007,0023
7009,0039
700C,0019
700E,0017
7011,0019
7016,0023
701E,0031
7025,0016
7029,0023
4005,0020
4007,0024
7009,0040
700C,0020
700E,0018
7011,0020
7016,0024
701E,0032
7025,0017
7029,0024
4005,0021
4007,0025
7009,0041
7009,0042
7009,0043
7009,0044
7009,0045
7009,0046
7009,0047
7009,0048
7009,0049
7009,0050
700A,0004
700A,0029
700A,0031
700A,0032
700A,0042
700A,0043
700A,0044
700A,0045
700A,0046
700A,0047
700A,0048
700A,0049
700B,0004
700B,0005
700C,0005
700D,0005
4003,0006
700B,0006
700C,0006
700D,0017
4003,0018
700B,0007
700C,0007
700D,0006
4003,0007
700B,0008
700C,0008
700D,0007
4003,0008
700B,0009
700C,0009
700D,0008
4003,0009
700B,0010
700C,0010
700D,0009
4003,0010
4004,0069
700B,0011
700C,0011
700D,0010
4003,0011
4004,0070
700B,0012
700C,0012
700D,0011
4003,0012
700B,0013
700C,0013
700D,0012
4003,0013
700B,0014
700B,0015
700C,0014
700D,0013
4003,0014
700B,0016
700B,0017
700C,0015
700D,0014
4003,0015
700B,0020
700B,0021
700B,0022
700B,0023
700B,0024
700B,0025
700B,0026
700B,0027
700B,0028
700B,0029
700B,0030
700B,0031
700B,0032
700B,0033
700B,0034
700B,0035
700B,0036
700B,0037
700B,0038
700C,0031
700C,0004
700C,0016
700C,0017
700D,0015
4003,0016
700C,0018
700E,0016
7011,0018
7016,0022
701E,0030
7025,0015
4005,0019
700C,0021
700C,0022
700C,0023
700C,0024
700C,0025
700C,0026
700C,0027
700C,0028
700E,0019
700C,0029
700C,0030
700E,0020
700D,0004
4003,0005
700D,0016
4003,0017
700D,0021
700D,0022
700D,0023
700D,0024
700D,0025
700D,0026
700D,0027
700D,0028
4003,0022
4317,0046
431F,0055
4710,0024
4A09,0012
4B27,0051
700D,0029
700E,0004
700E,0005
700E,0006
700E,0007
700E,0008
700E,0009
700E,0010
700E,0011
700E,0012
700E,0013
700E,0014
700E,0015
700F,0004
4006,0005
700F,0005
4006,0006
700F,0006
4006,0007
700F,0007
4006,0008
700F,0008
4006,0009
700F,0009
4006,0010
700F,0010
4006,0011
700F,0011
4006,0012
700F,0012
4006,0013
700F,0013
4006,0014
700F,0014
4006,0015
700F,0015
4006,0016
700F,0016
4006,0017
700F,0017
4006,0018
700F,0018
4006,0019
700F,0019
4006,0020
700F,0020
4006,0021
700F,0021
4006,0022
700F,0022
4006,0023
700F,0023
4006,0024
700F,0024
4006,0025
700F,0025
4006,0026
700F,0027
700F,0028
700F,0029
700F,0030
700F,0031
700F,0032
700F,0033
700F,0034
4006,0027
700F,0035
4006,0028
700F,0036
4006,0029
700F,0037
4006,0030
700F,0038
4006,0031
700F,0039
4006,0032
700F,0040
4006,0033
700F,0041
4006,0034
700F,0042
4006,0035
700F,0043
4006,0036
700F,0044
4006,0037
700F,0045
4006,0038
700F,0046
4006,0039
700F,0047
4006,0040
700F,0048
4006,0041
700F,0049
4006,0042
700F,0050
4006,0043
700F,0051
4006,0044
700F,0052
4006,0045
700F,0053
4006,0046
700F,0054
4006,0047
700F,0055
4006,0048
7010,0004
7010,0005
7011,0005
7012,0005
4005,0006
7010,0006
7011,0006
7012,0006
4005,0007
7010,0007
7011,0007
7012,0007
4005,0008
7010,0008
7011,0008
7012,0008
4005,0009
7010,0009
7011,0009
7012,0009
4005,0010
7010,0010
7011,0017
7012,0017
4005,0018
7010,0011
7011,0010
7012,0010
4005,0011
7010,0012
7011,0011
7012,0011
4005,0012
7010,0013
7011,0012
7012,0012
4005,0013
7010,0014
7011,0013
7012,0013
4005,0014
7010,0015
7011,0014
7012,0014
4005,0015
7010,0016
7010,0020
7010,0021
7010,0022
7010,0023
7010,0024
7010,0025
7011,0004
4005,0005
7011,0015
4005,0016
7011,0022
7011,0023
7011,0024
7011,0025
7011,0026
7011,0027
7011,0028
7011,0029
7011,0030
7011,0031
7012,0004
7012,0015
7012,0018
7012,0022
7012,0023
7012,0024
7013,0004
7013,0005
7013,0006
7013,0007
7013,0008
7013,0009
7013,0010
7013,0011
7013,0012
7013,0013
7013,0014
7013,0015
7013,0016
7013,0017
7013,0019
7013,0020
7013,0021
7013,0022
7013,0023
7013,0024
7013,0025
7013,0026
7013,0027
7013,0028
7013,0029
7014,0004
7014,0005
7014,0006
7014,0007
7014,0008
7014,0009
7014,0010
7014,0011
7014,0012
7014,0013
7014,0014
7014,0015
7014,0016
7014,0017
7014,0018
701D,0026
701E,0026
701F,0024
7014,0019
7014,0020
7014,0021
7014,0022
7014,0023
7014,0024
7014,0025
7014,0026
7014,0027
7014,0028
7014,0029
7014,0030
7014,0031
7014,0032
7014,0033
7014,0034
7014,0035
7014,0036
7014,0037
7014,0038
7014,0039
7014,0040
7014,0041
7014,0042
7014,0043
7014,0044
7014,0045
7014,0047
7014,0048
7014,0049
7014,0050
7014,0051
7014,0052
7014,0053
7014,0054
7014,0055
7014,0056
7014,0057
7015,0004
7015,0006
7015,0007
7016,0006
7017,0005
7015,0008
7015,0009
7016,0007
7017,0006
7015,0010
7016,0008
7017,0007
7015,0011
7016,0009
7015,0012
7015,0013
7015,0014
7016,0010
7017,0008
7015,0015
7016,0011
7017,0009
7015,0016
7016,0012
7017,0010
7015,0017
7016,0013
7017,0011
7015,0019
7016,0019
7017,0018
7015,0020
7016,0020
7017,0019
7015,0021
7016,0021
7017,0020
7015,0024
7015,0025
7015,0026
7015,0027
7015,0029
7016,0030
7017,0028
7015,0031
7016,0004
7016,0015
7016,0016
7016,0017
7016,0018
7016,0025
7016,0026
7016,0027
7016,0028
7016,0029
7017,0004
7017,0012
7017,0013
7017,0014
7017,0015
7017,0016
7017,0017
7017,0024
7017,0025
7017,0026
7017,0027
7018,0004
7018,0005
7019,0005
7018,0006
7018,0007
7018,0008
7019,0006
7018,0009
7019,0007
7018,0010
7019,0008
7018,0011
7018,0012
7018,0013
7019,0009
7018,0014
7018,0015
7018,0016
7019,0010
7018,0017
7019,0011
7018,0018
7018,0019
7018,0020
7018,0021
7018,0022
7018,0023
7018,0024
7018,0025
7019,0012
7018,0026
7019,0013
7018,0027
7019,0014
7018,0028
7019,0015
7018,0029
7019,0016
7018,0030
7019,0017
7018,0031
7019,0018
7018,0032
7019,0019
7018,0033
7019,0020
7018,0034
7019,0021
7018,0035
7019,0022
7018,0036
7019,0023
7018,0037
7019,0024
7018,0038
7019,0025
7018,0039
701F,0027
7028,0009
7018,0040
701F,0028
7028,0021
7018,0041
701F,0029
7028,0022
7018,0042
701F,0030
7018,0043
701F,0031
7018,0045
7018,0046
7018,0047
7019,0040
7018,0048
7018,0049
7019,0041
7018,0050
7018,0051
7018,0052
7018,0053
7018,0054
7018,0055
7018,0056
7018,0057
7018,0058
7018,0059
7018,0060
7018,0061
440A,0005
7018,0062
440A,0006
4512,0006
7018,0063
440A,0007
4512,0007
7018,0064
701E,0038
701F,0036
4B14,0007
7018,0065
701A,0017
701B,0017
701C,0017
701E,0039
701F,0037
7018,0066
701A,0019
701B,0019
701C,0019
701E,0040
701F,0038
7018,0067
701A,0036
701B,0035
701C,0030
4B14,0008
7018,0068
7018,0069
7019,0042
7018,0070
7019,0043
7018,0071
7019,0044
7019,0004
7019,0026
7019,0027
7019,0028
7019,0029
7019,0030
7019,0031
7019,0032
7019,0033
7019,0034
7019,0035
7019,0036
7019,0037
7019,0038
701A,0004
701A,0005
701B,0005
701C,0005
701D,0005
701E,0005
701F,0005
7020,0005
701A,0006
701B,0006
701C,0006
701A,0007
701B,0007
701C,0007
701D,0006
701E,0006
701F,0006
7020,0006
701A,0008
701B,0008
701C,0008
701A,0009
701B,0009
701C,0009
701A,0010
701B,0010
701C,0010
701A,0011
701B,0011
701C,0011
701A,0012
701B,0012
701C,0012
701A,0013
701B,0013
701C,0013
701A,0014
701B,0014
701C,0014
701A,0015
701B,0015
701C,0015
701A,0016
701B,0016
701C,0016
701A,0018
701B,0018
701C,0018
701A,0020
701B,0020
701C,0020
701A,0021
701B,0021
701C,0021
701A,0022
701B,0022
701C,0022
701A,0023
701D,0007
701E,0007
701A,0024
701B,0023
701C,0023
701A,0025
701B,0024
701C,0024
701A,0028
701A,0029
701A,0030
701A,0031
701A,0032
701A,0033
701A,0034
701A,0035
701B,0004
701B,0025
701B,0026
701B,0029
701B,0030
701B,0031
701B,0032
701B,0033
701B,0034
701C,0004
701C,0025
701C,0027
701C,0028
701C,0029
701D,0004
701D,0008
701E,0008
701F,0007
701D,0009
701E,0009
701F,0008
701D,0010
701E,0010
701F,0009
701D,0011
701E,0011
701F,0010
701D,0012
701E,0012
701F,0011
701D,0013
701E,0013
701F,0012
701D,0014
701E,0014
701F,0013
701D,0015
701E,0015
701F,0014
701D,0016
701E,0016
701F,0015
701D,0017
701E,0017
701F,0016
701D,0018
701E,0018
701F,0017
701D,0019
701E,0019
701F,0018
701D,0020
701E,0020
701F,0019
701D,0021
701E,0021
701D,0022
701E,0022
701F,0020
701D,0023
701E,0023
701F,0021
701D,0024
701E,0024
701F,0022
701D,0025
701E,0025
701F,0023
4200,0010
421F,0009
701D,0027
701E,0004
701E,0027
701E,0033
701E,0034
701E,0035
701E,0036
701E,0037
701F,0004
701F,0025
701F,0033
701F,0034
701F,0035
701F,0039
7020,0004
7020,0007
7020,0008
7020,0009
7020,0010
7020,0011
7020,0012
7020,0013
7020,0014
7020,0015
7020,0016
7020,0017
7020,0018
7020,0019
7020,0020
7020,0021
7020,0022
7020,0023
7020,0024
4200,0014
421F,0013
7020,0025
7020,0028
7020,0029
7021,0004
4004,0005
7021,0005
7022,0005
7024,0005
4004,0006
4200,0034
421F,0033
4801,0020
7022,0004
7022,0006
4003,0086
4004,0026
4200,0037
421F,0036
431C,0022
4320,0022
4801,0023
4804,0021
4805,0030
4B15,0021
4B23,0021
4B29,0022
4B3F,0071
7023,0004
7023,0005
7024,0004
7024,0009
7024,0010
7024,0011
7024,0012
7024,0013
7024,0014
7024,0015
7024,0016
7024,0017
7025,0004
7025,0005
7025,0006
7025,0007
7025,0008
7025,0009
7025,0010
7025,0011
7025,0012
7025,0013
7025,0014
7025,0018
7025,0019
7026,0004
4002,0012
7026,0005
7027,0005
4002,0013
7026,0006
7027,0006
4002,0014
7026,0007
4002,0015
7026,0008
7027,0007
4002,0016
7026,0009
4002,0017
7026,0010
7027,0008
4002,0018
7026,0011
7027,0009
4002,0019
7026,0012
7027,0010
4002,0020
7026,0013
4002,0021
7026,0014
7027,0011
4002,0022
7026,0015
7027,0012
4002,0023
7026,0016
7027,0013
4002,0024
7026,0017
7027,0014
4002,0025
7026,0018
7027,0015
4002,0026
7026,0019
7027,0016
4002,0027
7026,0020
7027,0017
4002,0028
7026,0021
7027,0018
4002,0029
7026,0022
7027,0019
4002,0030
7026,0023
7027,0020
4002,0031
7026,0024
7027,0021
4002,0032
7026,0027
7026,0028
7027,0004
7027,0022
7027,0026
7027,0027
7027,0028
7027,0029
7027,0030
7027,0031
7027,0032
7027,0033
7028,0004
7028,0005
7028,0006
7028,0007
7028,0008
7028,0010
7028,0011
7028,0012
7028,0013
7028,0014
7028,0015
7028,0016
7028,0017
7028,0018
7028,0019
7028,0020
7028,0023
7028,0024
7028,0026
7028,0027
7028,0028
7028,0029
7028,0030
7028,0031
7028,0032
7028,0033
7028,0034
7028,0035
7028,0036
7028,0037
7028,0038
7028,0039
7028,0040
7028,0041
7028,0042
7028,0043
7028,0044
7028,0045
7028,0046
7028,0047
7028,0048
7028,0049
7028,0050
7029,0004
4007,0005
7029,0006
702A,0006
4007,0007
7029,0007
702A,0007
4007,0008
7029,0008
702A,0008
4007,0009
7029,0010
702A,0010
4007,0011
7029,0011
702A,0011
4007,0012
7029,0012
702A,0012
4007,0013
7029,0013
702A,0013
4007,0014
7029,0015
702A,0015
4007,0016
7029,0016
702A,0016
4007,0017
7029,0018
702A,0018
4007,0019
7029,0019
702A,0019
4007,0020
7029,0020
702A,0020
4007,0021
7029,0025
7029,0026
7029,0027
702A,0004
4001,0000
4002,0000
4008,0000
400D,0000
4002,0001
400D,0001
4002,0002
400D,0004
4002,0003
4002,0004
400D,0005
4002,0005
400D,0006
4002,0006
400D,0007
4002,0007
400D,0008
4002,0008
400D,0009
4002,0009
4002,0010
4002,0036
4005,0023
400D,0013
4203,0005
4002,0037
4005,0024
400D,0014
4203,0006
4002,0038
400D,0015
4B06,0016
4B07,0005
4002,0040
400D,0017
4002,0041
4003,0064
4004,0072
4005,0042
4006,0098
4007,0067
400D,0018
4200,0040
421F,0039
4002,0042
400D,0019
4002,0043
400D,0020
4002,0044
400D,0021
4002,0045
400D,0022
4002,0046
400D,0023
4002,0047
400D,0024
4002,0048
400D,0025
4002,0049
400D,0026
4002,0050
4003,0065
4004,0073
4005,0043
4006,0099
4007,0068
400D,0027
4200,0041
421F,0040
4002,0051
400D,0028
4002,0052
400D,0029
4002,0053
400D,0030
4002,0054
400D,0031
4002,0055
4008,0001
400D,0032
4002,0056
4008,0002
400D,0033
4002,0057
4008,0003
400D,0034
4003,0063
4004,0071
4005,0041
4006,0097
4007,0066
4200,0039
421F,0038
4003,0066
4003,0067
4003,0068
4004,0074
4003,0069
4004,0075
4003,0070
431C,0006
4804,0005
4805,0016
4003,0071
4004,0010
4200,0020
421F,0019
431C,0007
4320,0007
4801,0006
4804,0006
4805,0017
4B15,0006
4B23,0006
4B29,0007
4B3F,0059
4003,0072
4004,0011
4200,0021
421F,0020
431C,0008
4320,0008
4801,0007
4804,0007
4805,0018
4B15,0007
4B23,0007
4B29,0008
4B3F,0060
4003,0073
4004,0012
4200,0022
421F,0021
431C,0009
4320,0009
4801,0008
4804,0008
4805,0019
4B15,0008
4B23,0008
4B29,0009
4B3F,0061
4003,0074
431C,0010
4320,0010
4804,0009
4805,0020
4B15,0009
4B23,0009
4B29,0010
4B3F,0062
4003,0075
4004,0013
4200,0023
421F,0022
431C,0011
4320,0011
4801,0009
4804,0010
4805,0021
4B15,0010
4B23,0010
4B29,0011
4B3F,0063
4003,0076
431C,0012
4320,0012
4804,0011
4805,0022
4B15,0011
4B23,0011
4B29,0012
4B3F,0064
4003,0077
431C,0013
4320,0013
4804,0012
4805,0023
4B15,0012
4B23,0012
4B29,0013
4B3F,0065
4003,0078
431C,0014
4320,0014
4804,0013
4805,0024
4B15,0013
4B23,0013
4B29,0014
4B3F,0066
4003,0079
4004,0014
4200,0024
421F,0023
431C,0015
4320,0015
4801,0010
4804,0014
4805,0025
4B15,0014
4B23,0014
4B29,0015
4B3F,0067
4003,0080
4004,0015
4200,0025
421F,0024
431C,0016
4320,0016
4801,0011
4804,0015
4805,0026
4B15,0015
4B23,0015
4B29,0016
4B3F,0068
4003,0081
4004,0016
4200,0026
421F,0025
431C,0017
431F,0053
4320,0017
4801,0012
4804,0016
4805,0027
4B15,0016
4B23,0016
4B27,0013
4B29,0017
4B3F,0022
4003,0082
4004,0017
4200,0027
421F,0026
431C,0018
4320,0018
4801,0013
4804,0017
4805,0028
4B15,0017
4B23,0017
4B29,0018
4B3F,0069
4003,0083
4004,0018
4200,0028
421F,0027
431C,0019
4320,0019
4801,0014
4804,0018
4805,0029
4B15,0018
4B23,0018
4B29,0019
4B3F,0070
4003,0084
431C,0020
4320,0020
4804,0019
4805,0006
4B15,0019
4B23,0019
4B29,0020
4B3F,0057
4003,0085
4004,0019
4200,0029
421F,0028
431C,0021
4320,0021
4801,0015
4804,0020
4805,0008
4B15,0020
4B23,0020
4B29,0021
4B3F,0007
4B44,0018
4003,0087
4320,0071
4804,0022
4805,0005
4B15,0046
4B23,0046
4B29,0071
4B3F,0056
4004,0009
4200,0019
421F,0018
4004,0020
4200,0030
421F,0029
4801,0016
4004,0021
4200,0031
421F,0030
4801,0017
4004,0022
4200,0032
421F,0031
4801,0018
4004,0023
4200,0033
421F,0032
4801,0019
4004,0024
4200,0035
421F,0034
4004,0025
4200,0036
421F,0035
4004,0027
4200,0038
421F,0037
4004,0059
4B04,0005
4B15,0025
4B23,0025
4B3F,0047
4004,0068
4005,0044
4009,0000
4009,0001
4009,0002
400D,0002
400D,0003
400D,0010
400E,0000
400E,0001
4200,0000
421F,0000
4711,0000
4200,0004
4200,0005
421F,0004
4200,0009
421F,0008
4200,0011
421F,0010
4200,0012
421F,0011
4200,0013
421F,0012
4200,0015
421F,0014
4200,0016
421F,0015
4201,0000
4202,0000
420A,0000
421C,0000
4300,0000
4306,0000
430A,0000
430E,0000
4313,0000
4321,0000
4406,0000
4505,0000
4509,0000
4511,0000
4602,0000
4706,0000
470A,0000
4900,0000
4A00,0000
4A04,0000
4B04,0000
4B08,0000
4B0B,0000
4B1C,0000
4B24,0000
4B2D,0000
4B30,0000
4B33,0000
4B38,0000
4B40,0000
4201,0004
4201,0005
4208,0004
4201,0006
4220,0004
4221,0004
4222,0004
4201,0032
4201,0033
4203,0000
420B,0000
4211,0000
4220,0000
4301,0000
4307,0000
430D,0000
4704,0000
4902,0000
4A05,0000
4B00,0000
4B05,0000
4B06,0000
4B07,0000
4B0A,0000
4B18,0000
4B25,0000
4B2E,0000
4B42,0000
4B43,0000
4204,0000
420C,0000
420F,0000
4221,0000
4302,0000
4308,0000
4506,0000
4703,0000
4705,0000
4903,0000
4A06,0000
4B09,0000
4B0D,0000
4B11,0000
4B13,0000
4B31,0000
4B34,0000
4204,0012
4221,0013
4B0D,0007
4204,0013
4221,0014
4B0D,0008
4205,0000
4401,0000
4402,0000
4504,0000
4206,0000
4207,0000
4303,0000
4304,0000
4309,0000
4403,0000
4700,0000
4A01,0000
4B02,0000
4B26,0000
4B41,0000
4208,0000
4305,0000
4400,0000
4404,0000
440B,0000
4503,0000
4701,0000
4A02,0000
4208,0005
420B,0004
420D,0004
4214,0004
4220,0005
4208,0007
4209,0000
4212,0000
4218,0000
421A,0000
431D,0000
4405,0000
4502,0000
450E,0000
4510,0000
4606,0000
4702,0000
470C,0000
4901,0000
4904,0000
4A03,0000
4B16,0000
4B1B,0000
4B1E,0000
4B22,0000
4B2A,0000
420D,0000
420E,0000
430B,0000
4B20,0000
4B32,0000
4B35,0000
4B3A,0000
4210,0000
430C,0000
4408,0000
4500,0000
470D,0000
4B0F,0000
4213,0000
430F,0000
450C,0000
470B,0000
4214,0000
4310,0000
4508,0000
4605,0000
4707,0000
4800,0000
4803,0000
4B36,0000
4214,0013
4401,0014
4B3D,0022
4214,0014
4401,0015
4B3D,0023
4214,0015
4401,0016
4215,0000
4222,0000
4311,0000
4600,0000
4608,0000
460A,0000
4709,0000
4A07,0000
4B10,0000
4B37,0000
4B3B,0000
4215,0012
4222,0013
4600,0015
460A,0012
4B10,0014
4215,0013
4222,0014
4600,0005
460A,0014
4B10,0012
4215,0014
4222,0015
4600,0014
460A,0015
4B10,0015
4215,0015
4222,0016
4600,0006
460A,0013
4216,0000
4B14,0000
4217,0000
421B,0000
4219,0000
421D,0000
4314,0000
4315,0000
4316,0000
4318,0000
4319,0000
4609,0000
421E,0000
4322,0000
4300,0013
4301,0013
4300,0014
4301,0014
4301,0016
4301,0017
4301,0018
4301,0019
4312,0000
450D,0000
4802,0000
4905,0000
4315,0035
4315,0036
4316,0029
4316,0030
4316,0031
4316,0032
4316,0033
4316,0034
4316,0035
4317,0000
431F,0000
4710,0000
4A09,0000
4B27,0000
4B3E,0000
4317,0044
4317,0045
4319,0012
431A,0000
431B,0000
4804,0000
4A08,0000
431B,0018
431C,0000
4320,0000
4B15,0000
4B23,0000
4B29,0000
4B3F,0000
431C,0005
4320,0005
4B29,0005
4B3F,0005
431E,0000
431E,0012
431E,0013
431E,0014
431F,0052
4320,0066
4B15,0041
4B23,0041
4B27,0012
4B29,0066
4B3F,0021
4320,0006
4B15,0005
4B23,0005
4B29,0006
4B3F,0058
4320,0023
4801,0025
4804,0023
4805,0007
4B29,0023
4B3F,0006
4B44,0017
4320,0024
4B15,0022
4B23,0022
4B29,0024
4B3F,0011
4320,0067
4B15,0042
4B23,0042
4B27,0015
4B29,0067
4B3F,0023
4320,0068
4B15,0043
4B23,0043
4B29,0068
4B3F,0008
4320,0069
4B15,0044
4B23,0044
4B29,0069
4B3F,0009
4320,0070
4B15,0045
4B23,0045
4B29,0070
4B3F,0010
4400,0005
4400,0006
4401,0012
4401,0013
4407,0000
440A,0000
4607,0000
4B01,0000
4B03,0000
4B0C,0000
4B0E,0000
4B12,0000
4B1A,0000
4B1D,0000
4B1F,0000
4B21,0000
4B2C,0000
4B2F,0000
4409,0000
4507,0000
4601,0000
4603,0000
4708,0000
4801,0000
4B3C,0000
4B3D,0000
4500,0012
4500,0013
4501,0000
4B17,0000
4B19,0000
4B28,0000
4B2B,0000
450A,0000
4604,0000
4B39,0000
450B,0000
470E,0000
4906,0000
450F,0000
4512,0000
4512,0005
4512,0018
4B3D,0017
4512,0019
4B3D,0018
4600,0017
4600,0018
4700,0005
4700,0006
4704,0005
470F,0000
4800,0012
4800,0013
4801,0005
4801,0021
4801,0022
4801,0024
4805,0000
4900,0013
4900,0014
4A00,0013
4A00,0014
4B00,0006
4B01,0008
4B00,0007
4B01,0009
4B06,0013
4B07,0013
4B06,0014
4B07,0014
4B06,0017
4B07,0015
4B0D,0005
4B0D,0006
4B11,0014
4B11,0012
4B11,0013
4B11,0015
4B19,0005
4B19,0006
4B24,0013
4B24,0014
4B2C,0007
4B2C,0008
4B3D,0013
4B3D,0014
4B3D,0015
4B3D,0020
4B3D,0021
4B3D,0024
4B3E,0012
4B40,0013
4B40,0014
4B44,0000
4B44,0013
4B44,0014
4B44,0015
4B45,0000
4B45,0013
4B45,0014
